{"cameraMode":{"drawMode":0,"name":"Shaded","section":"Shading Mode"},"sceneLighting":false,"audioPlay":false,"sceneViewState":{"showFog":true,"showMaterialUpdate":true,"showSkybox":true,"showFlares":true,"showImageEffects":true,"showParticleSystems":true},"in2DMode":false,"pivot":{"x":-1.678659439086914,"y":18.80000114440918,"z":0.17120683193206788},"rotation":{"x":0.04746764525771141,"y":-0.9435548186302185,"z":0.28879016637802126,"w":0.15508495271205903},"size":6.1578850746154789,"orthographic":false}