{"cameraMode":{"drawMode":0,"name":"Shaded","section":"Shading Mode"},"sceneLighting":false,"audioPlay":false,"sceneViewState":{"showFog":true,"showMaterialUpdate":true,"showSkybox":true,"showFlares":true,"showImageEffects":true,"showParticleSystems":true},"in2DMode":false,"pivot":{"x":0.9000015258789063,"y":18.799999237060548,"z":-0.7000007629394531},"rotation":{"x":0.04746764525771141,"y":-0.9435548186302185,"z":0.28879016637802126,"w":0.15508495271205903},"size":168.00489807128907,"orthographic":false}